--DROP SEQUENCE TRAN_NUM;
--DROP SEQUENCE CUSTOM_NUM
SELECT * FROM MY_CARD_BENEFIT_TABLE;

--CREATE SEQUENCE CUSTOM_NUM START WITH 1 INCREMENT BY 1;
--CREATE SEQUENCE TRAN_NUM START WITH 1 INCREMENT BY 1;

SELECT * FROM TRAN_VIEW;

--고객정보

		SELECT A.IMG_URL,B.CARD_NAME,B.ANNUAL_FEE,B.CARD_CATE_NUM,B.SORT_CARD,C.COMMENT_OF_CARD
		FROM CARD_IMG A, CARD_INFO B,CARD_COMMENT C 
		WHERE A.CARD_CATE_NUM = B.CARD_CATE_NUM AND C.CARD_CATE_NUM=A.CARD_CATE_NUM AND C.CARD_CATE_NUM='CR00001'
		GROUP BY A.IMG_URL,B.CARD_NAME,B.ANNUAL_FEE,B.CARD_CATE_NUM,B.SORT_CARD,C.COMMENT_OF_CARD
		ORDER BY B.CARD_CATE_NUM


--고객 카드 번호


--SE는 카드 세분화 번호

--카드 정보

--DROP TABLE CARD_INFO;
--SELECT * FROM CARD_INFO;
--신용카드
INSERT INTO CARD_INFO VALUES('펫 사랑 카드','A00001','CR00001','SE00001',15000,'CREDIT');
INSERT INTO CARD_INFO VALUES('통커 카드','A00001','CR00002','SE00002',20000,'CREDIT');
INSERT INTO CARD_INFO VALUES('모두의 건강','A00001','CR00003','SE00003',15000,'CREDIT');
INSERT INTO CARD_INFO VALUES('모두의 쇼핑','A00003','CR00004','SE00004',15000,'CREDIT');
INSERT INTO CARD_INFO VALUES('1Q MY LUNCH','A00001','CR00005','SE00005',17000,'CREDIT');
INSERT INTO CARD_INFO VALUES('내맘대로 쁨카드','A00003','CR00006','SE00006',12000,'CREDIT');
INSERT INTO CARD_INFO VALUES('알뜰교통 MY PASS 마패','A00003','CR00007','SE00007',17000,'CREDIT');


INSERT INTO CARD_INFO VALUES('any 하나 카드','A00001','CR00008','SE00008',12000,'CREDIT');
INSERT INTO CARD_INFO VALUES('club sk 카드','A00001','CR00009','SE00009',7000,'CREDIT');
INSERT INTO CARD_INFO VALUES('MY PASS 마패 카드','A00003','CR00010','SE00010',17000,'CREDIT');
INSERT INTO CARD_INFO VALUES('My Trip SKYPASS 카드','A00003','CR00011','SE00011',30000,'CREDIT');
INSERT INTO CARD_INFO VALUES('tag1 카드 Orange','A00003','CR00012','SE00012',12000,'CREDIT');
INSERT INTO CARD_INFO VALUES('tag1 카드 Navy','A00002','CR00013','SE00013',12000,'CREDIT');
INSERT INTO CARD_INFO VALUES('국민 행복 카드','A00001','CR00014','SE00014',0,'CREDIT');
INSERT INTO CARD_INFO VALUES('로마드 하나 카드','A00001','CR00015','SE00015',18000,'CREDIT');


--신용카드 부연 

INSERT INTO CARD_COMMENT VALUES('CR00001','반려동물을 위한 사랑 실천법');
INSERT INTO CARD_COMMENT VALUES('CR00002','통신/커피 소소하지만 확실한 혜택');
INSERT INTO CARD_COMMENT VALUES('CR00003','모두의 건강을 선물합니다!');
INSERT INTO CARD_COMMENT VALUES('CR00004','모바일 전용 카드로 즐기는 쇼핑 혜택!');
INSERT INTO CARD_COMMENT VALUES('CR00005','놓칠 수 없는 점심값 혜택!');
INSERT INTO CARD_COMMENT VALUES('CR00006','예쁨, 미쁨, 기쁨... 내가 원하는 모든 쁨을 위해!');
INSERT INTO CARD_COMMENT VALUES('CR00007','대중교통 할인 받는 스마트한 방법');
INSERT INTO CARD_COMMENT VALUES('CR00008','페이결제 조건없이 최대 1%청구할인, 구독서비스 50%청구할인');
INSERT INTO CARD_COMMENT VALUES('CR00009','100만 고객이 선택한 SK의 모든 혜택');
INSERT INTO CARD_COMMENT VALUES('CR00010','대중교통 할인은 my pass 마패 카드!');
INSERT INTO CARD_COMMENT VALUES('CR00011','실적 관계없이, 적립한도 없이 대한항공 마일리지 적립');
INSERT INTO CARD_COMMENT VALUES('CR00012','카드 연속사용에 따른 우대 혜택');
INSERT INTO CARD_COMMENT VALUES('CR00013','카드 연속사용에 따른 우대 혜택');
INSERT INTO CARD_COMMENT VALUES('CR00014','국가바우처와 임신/출산 진료비 지원을 한번에!');
INSERT INTO CARD_COMMENT VALUES('CR00015','로마드 구독 요금 자동이체 시 13,000원 청구할인');






--멀티카드
SELECT * FROM CARD_INFO;
INSERT INTO CARD_INFO VALUES('MULTI Any 모바일카드','A00001','MU00001','SE00016',12000,'MULTI');
INSERT INTO CARD_INFO VALUES('MULTI YOUNG 모바일카드','A00001','MU00002','SE00017',12000,'MULTI');
INSERT INTO CARD_INFO VALUES('MULTI On 모바일카드','A00001','MU00003','SE00018',12000,'MULTI');
INSERT INTO CARD_INFO VALUES('MULTI Living 모바일카드','A00001','MU00004','SE00019',12000,'MULTI');
INSERT INTO CARD_INFO VALUES('MULTI Oil 모바일카드','A00001','MU00005','SE00020',15000,'MULTI');
INSERT INTO CARD_INFO VALUES('MULTI Any 체크카드','A00001','MU00006','SE00021',12000,'MULTI');


INSERT INTO CARD_COMMENT VALUES('MU00001','전월 실적없이 어디서나 하나머니 적립');
INSERT INTO CARD_COMMENT VALUES('MU00002','하루종일 할인 받으세요 !');
INSERT INTO CARD_COMMENT VALUES('MU00003','실적 조건, 적립한도 없이 최대 1.0% 하나머니 적립');
INSERT INTO CARD_COMMENT VALUES('MU00004','주중/주말/매일 청구할인 혜택이 되는 카드');
INSERT INTO CARD_COMMENT VALUES('MU00005','4대 정유할인과 차량정비의 할인혜택이 되는 카드');
INSERT INTO CARD_COMMENT VALUES('MU00006','국내, 해외 어디서나 혜택 받는 카드');


--체크카드
--DELETE FROM CARD_INFO WHERE CARD_CATE_NUM = 'C00006';

INSERT INTO CARD_INFO VALUES('CJ ONE 체크카드','A00001','CH00001','SE00022',0,'CHECK');
INSERT INTO CARD_INFO VALUES('해피포인트 하나 체크카드','A00003','CH00002','SE00023',0,'CHECK');
INSERT INTO CARD_INFO VALUES('L페이 체크카드','A00002','CH00003','SE00024',0,'CHECK');
INSERT INTO CARD_INFO VALUES('모두의 일상 체크카드','A00003','CH00004','SE00025',0,'CHECK');
INSERT INTO CARD_INFO VALUES('신세계 하나 체크카드','A00001','CH00005','SE00026',0,'CHECK');
INSERT INTO CARD_INFO VALUES('The-K Auto 체크카드','A00003','CH00006','SE00027',0,'CHECK');
INSERT INTO CARD_INFO VALUES('Young Hana 체크카드 with OKcashbag','A00003','CH00007','SE00028',0,'CHECK');
INSERT INTO CARD_INFO VALUES('Young Hana+ 체크카드','A00004','CH00008','SE00029',0,'CHECK');
INSERT INTO CARD_INFO VALUES('청년취업카드 하나 멤버스 Mega BC 체크카드','A00001','CH00009','SE00030',0,'CHECK');
INSERT INTO CARD_INFO VALUES('시코르 체크카드','A00003','CH00010','SE00031',0,'CHECK');
INSERT INTO CARD_INFO VALUES('카카오페이 체크카드','A00001','CH00011','SE00032',0,'CHECK');
INSERT INTO CARD_INFO VALUES('알뜰교통 비바 e 플래티늄 체크카드','A00001','CH00012','SE00033',0,'CHECK');
INSERT INTO CARD_INFO VALUES('모두의 건강','A00001','CH00013','SE00034',0,'CHECK');
INSERT INTO CARD_INFO VALUES('VIVA X 체크카드','A00003','CH00014','SE00035',0,'CHECK');

UPDATE CARD_INFO SET SORT_CARD = '체크 카드' WHERE SORT_CARD = 'CHECK';
COMMIT;
--신용카드 추가로 네트워크 다르게 해서 추가함. 연회비는 동일 

INSERT INTO CARD_INFO VALUES('펫 사랑 카드','A00003','CR00001','SE00036',15000,'CREDIT');
INSERT INTO CARD_INFO VALUES('통커 카드','A00004','CR00002','SE00037',20000,'CREDIT');
INSERT INTO CARD_INFO VALUES('모두의 건강','A00002','CR00003','SE00038',15000,'CREDIT');
INSERT INTO CARD_INFO VALUES('모두의 쇼핑','A00002','CR00004','SE00039',15000,'CREDIT');
INSERT INTO CARD_INFO VALUES('1Q MY LUNCH','A00003','CR00005','SE00040',17000,'CREDIT');
INSERT INTO CARD_INFO VALUES('내맘대로 쁨카드','A00002','CR00006','SE00041',12000,'CREDIT');
INSERT INTO CARD_INFO VALUES('알뜰교통 MY PASS 마패','A00001','CR00007','SE00042',17000,'CREDIT');

--SELECT * FROM CARD_COMMENT;
--DELETE FROM CARD_COMMENT WHERE CARD_CATE_NUM = 'CH00006';
INSERT INTO CARD_COMMENT VALUES('CH00001','CJ ONE 제휴 가맹점에서 더 큰 혜택을 누리자!  모바일과 하나 되어 더욱 스마트해진 체크카드');
INSERT INTO CARD_COMMENT VALUES('CH00002','체크카드 혜택과 해피포인트 멤버쉽 기능을 한번에!');
INSERT INTO CARD_COMMENT VALUES('CH00003','L.PAY 결제로 더 큰 혜택을 누리자!');
INSERT INTO CARD_COMMENT VALUES('CH00004','일상 어디서든 혜택을!');
INSERT INTO CARD_COMMENT VALUES('CH00005','신세계 백화점 기본할인에 캐쉬백까지 카드 한장에!');
INSERT INTO CARD_COMMENT VALUES('CH00006','자동차 보험과 주유 캐쉬백 혜택을 한번에! 직장인들을 위한 필수 체크카드!');
INSERT INTO CARD_COMMENT VALUES('CH00007','영(Young)한 당신을 위한 체크카드');
INSERT INTO CARD_COMMENT VALUES('CH00008','영(Young)한 당신과 어울리는 체크카드');
INSERT INTO CARD_COMMENT VALUES('CH00009','청년의 꿈, 새로운 도전');

SELECT * FROM CARD_COMMENT;
DELETE FROM CARD_COMMENT WHERE CARD_CATE_NUM = 'CH00012';
INSERT INTO CARD_COMMENT VALUES('CH00010','시코르 기본할인에 캐쉬백까지 카드 한 장에!');

INSERT INTO CARD_COMMENT VALUES('CH00011','가장 빠른 모바일 결제 카카오페이와 체크카드의 만남');
INSERT INTO CARD_COMMENT VALUES('CH00012','해외직구 할인과 대중교통 캐쉬백을 한번에!');
INSERT INTO CARD_COMMENT VALUES('CH00013','모두의 건강을 선물합니다!');
INSERT INTO CARD_COMMENT VALUES('CR00014','해외 수수료 완전 면제');
COMMIT;

SELECT * FROM CARD_COMMENT;

SELECT * FROM ANNUAL_FEE;
SELECT * FROM CARD_IMG;

UPDATE ANNUAL_FEE SET NETWORK='UnionPay' WHERE ANNUAL_FEE_CODE = 'A00002'



--카드 혜택

--SELECT * FROM CARD_BENE;
--
--INSERT INTO CARD_BENE VALUES('B00001','SE00001',10000,30000,0.15);



--연회비
SELECT * FROM ANNUAL_FEE;
--COMMIT;
--DELETE FROM ANNUAL_FEE WHERE ANNUAL_FEE_CODE = 'A00005';
INSERT INTO ANNUAL_FEE VALUES('A00001','VISA');
INSERT INTO ANNUAL_FEE VALUES('A00002','UPAYNI');
INSERT INTO ANNUAL_FEE VALUES('A00003','MASTER');
INSERT INTO ANNUAL_FEE VALUES('A00004','DOMESTIC');


--혜택 정보 가맹점 코드, 업종코드, 혜택 번호
SELECT * FROM INDU_TYPE;
SELECT * FROM BENE_INFO;
SELECT * FROM ALI_INFO;

SELECT BENE_CODE,SMALL_CATE,C.ALI_TYPE 
FROM BENE_INFO A,INDU_TYPE B, ALI_INFO C
WHERE A.INDUSTRY_CODE = B.INDU_CODE AND A.ALI_CODE=C.ALI_CODE ORDER BY A.BENE_CODE;

--DELETE FROM BENE_INFO WHERE ALI_CODE='M062';
--COMMIT;
--DELETE FROM BENE_INFO;

INSERT INTO BENE_INFO VALUES('M001','ss006','TC001');
INSERT INTO BENE_INFO VALUES('M002','ss006','TC002');
INSERT INTO BENE_INFO VALUES('M003','ss006','TC003');
INSERT INTO BENE_INFO VALUES('M004','ss016','TC004');
INSERT INTO BENE_INFO VALUES('M005','ss016','TC005');
INSERT INTO BENE_INFO VALUES('M006','ss005','TC006');
INSERT INTO BENE_INFO VALUES('M007','ss005','TC007');
INSERT INTO BENE_INFO VALUES('M008','ss005','TC008');
INSERT INTO BENE_INFO VALUES('M009','ss048','TC009');
INSERT INTO BENE_INFO VALUES('M010','ss048','TC010');
INSERT INTO BENE_INFO VALUES('M011','ss048','TC011');
INSERT INTO BENE_INFO VALUES('M012','ss012','TC012');
INSERT INTO BENE_INFO VALUES('M013','ss012','TC013');
INSERT INTO BENE_INFO VALUES('M014','ss012','TC014');
INSERT INTO BENE_INFO VALUES('M015','ss012','TC015');
INSERT INTO BENE_INFO VALUES('M016','ss013','TC016');
INSERT INTO BENE_INFO VALUES('M017','ss013','TC017');
INSERT INTO BENE_INFO VALUES('M018','ss001','TC018');
INSERT INTO BENE_INFO VALUES('M019','ss001','TC019');
INSERT INTO BENE_INFO VALUES('M020','ss027','TC020');
INSERT INTO BENE_INFO VALUES('M021','ss027','TC021');
INSERT INTO BENE_INFO VALUES('M022','ss027','TC022');
INSERT INTO BENE_INFO VALUES('M023','ss027','TC023');
INSERT INTO BENE_INFO VALUES('M024','ss028','TC024');
INSERT INTO BENE_INFO VALUES('M025','ss028','TC025');
INSERT INTO BENE_INFO VALUES('M026','ss028','TC026');
INSERT INTO BENE_INFO VALUES('M027','ss043','TC027');
INSERT INTO BENE_INFO VALUES('M028','ss015','TC028');
INSERT INTO BENE_INFO VALUES('M029','ss068','TC029');
INSERT INTO BENE_INFO VALUES('M030','ss066','TC030');
INSERT INTO BENE_INFO VALUES('M031','ss006','TC031');
INSERT INTO BENE_INFO VALUES('M032','ss006','TC032');
INSERT INTO BENE_INFO VALUES('M033','ss068','TC033');
INSERT INTO BENE_INFO VALUES('M034','ss068','TC034');
INSERT INTO BENE_INFO VALUES('M035','ss068','TC035');
INSERT INTO BENE_INFO VALUES('M036','ss035','TC036');
INSERT INTO BENE_INFO VALUES('M037','ss035','TC037');
INSERT INTO BENE_INFO VALUES('M038','ss068','TC038');
INSERT INTO BENE_INFO VALUES('M039','ss091','TC039');
INSERT INTO BENE_INFO VALUES('M040','ss091','TC040');
INSERT INTO BENE_INFO VALUES('M041','ss095','TC041');
INSERT INTO BENE_INFO VALUES('M042','ss095','TC042');
INSERT INTO BENE_INFO VALUES('M043','ss068','TC043');
INSERT INTO BENE_INFO VALUES('M044','ss068','TC044');
INSERT INTO BENE_INFO VALUES('M045','ss068','TC045');
INSERT INTO BENE_INFO VALUES('M046','ss040','TC046');
INSERT INTO BENE_INFO VALUES('M047','ss054','TC047');
INSERT INTO BENE_INFO VALUES('M048','ss058','TC048');
INSERT INTO BENE_INFO VALUES('M049','ss005','TC049');
INSERT INTO BENE_INFO VALUES('M050','ss030','TC050');

INSERT INTO BENE_INFO VALUES('M051','ss096','TC051');
INSERT INTO BENE_INFO VALUES('M052','ss096','TC052');

INSERT INTO BENE_INFO VALUES('M053','ss069','TC053');
INSERT INTO BENE_INFO VALUES('M054','ss069','TC054');
INSERT INTO BENE_INFO VALUES('M055','ss054','TC055');
INSERT INTO BENE_INFO VALUES('M056','ss040','TC056');

INSERT INTO BENE_INFO VALUES('M057','ss038','TC057');
INSERT INTO BENE_INFO VALUES('M058','ss038','TC058');
INSERT INTO BENE_INFO VALUES('M059','ss039','TC059');
INSERT INTO BENE_INFO VALUES('M060','ss052','TC060');
INSERT INTO BENE_INFO VALUES('M061','ss044','TC061');
INSERT INTO BENE_INFO VALUES('M062','ss081','TC062');
INSERT INTO BENE_INFO VALUES('M063','ss095','TC063');
INSERT INTO BENE_INFO VALUES('M064','ss006','TC064');
INSERT INTO BENE_INFO VALUES('M065','ss054','TC065');
INSERT INTO BENE_INFO VALUES('M066','ss054','TC066');
INSERT INTO BENE_INFO VALUES('M067','ss054','TC067');
INSERT INTO BENE_INFO VALUES('M068','ss039','TC068');
INSERT INTO BENE_INFO VALUES('M069','ss082','TC069');
INSERT INTO BENE_INFO VALUES('M070','ss081','TC070');
INSERT INTO BENE_INFO VALUES('M071','ss082','TC071');
INSERT INTO BENE_INFO VALUES('M072','ss013','TC072');

----
INSERT INTO BENE_INFO VALUES('M073','ss049','TC166');
INSERT INTO BENE_INFO VALUES('M074','ss049','TC167');
INSERT INTO BENE_INFO VALUES('M075','ss066','TC168');
INSERT INTO BENE_INFO VALUES('M076','ss066','TC169');
INSERT INTO BENE_INFO VALUES('M077','ss066','TC170');
INSERT INTO BENE_INFO VALUES('M078','ss066','TC171');
--






--가맹점 코드

SELECT * FROM ALI_INFO;
--COMMIT;

INSERT INTO ALI_INFO VALUES('M001','롯데리아');
INSERT INTO ALI_INFO VALUES('M002','버거킹');
INSERT INTO ALI_INFO VALUES('M003','맥도날드');
INSERT INTO ALI_INFO VALUES('M004','GS25');
INSERT INTO ALI_INFO VALUES('M005','CU');
INSERT INTO ALI_INFO VALUES('M006','스타벅스');
INSERT INTO ALI_INFO VALUES('M007','카페베네');
INSERT INTO ALI_INFO VALUES('M008','엔젤리너스');
INSERT INTO ALI_INFO VALUES('M009','LG');
INSERT INTO ALI_INFO VALUES('M010','SKT');
INSERT INTO ALI_INFO VALUES('M011','KT');
INSERT INTO ALI_INFO VALUES('M012','신세계백화점');
INSERT INTO ALI_INFO VALUES('M013','겔러리아백화점');
INSERT INTO ALI_INFO VALUES('M014','롯데백화점');
INSERT INTO ALI_INFO VALUES('M015','현대아울렛');
INSERT INTO ALI_INFO VALUES('M016','이마트');
INSERT INTO ALI_INFO VALUES('M017','홈플러스');
INSERT INTO ALI_INFO VALUES('M018','아웃백');
INSERT INTO ALI_INFO VALUES('M019','빕스');
INSERT INTO ALI_INFO VALUES('M020','에버랜드');
INSERT INTO ALI_INFO VALUES('M021','롯데월드');
INSERT INTO ALI_INFO VALUES('M022','케르비안베이');
INSERT INTO ALI_INFO VALUES('M023','워터파크');
INSERT INTO ALI_INFO VALUES('M024','롯데시네마');
INSERT INTO ALI_INFO VALUES('M025','메가박스');
INSERT INTO ALI_INFO VALUES('M026','CGV');
INSERT INTO ALI_INFO VALUES('M027','올리브영');
INSERT INTO ALI_INFO VALUES('M028','다이소');
INSERT INTO ALI_INFO VALUES('M029','마켓컬리');
INSERT INTO ALI_INFO VALUES('M030','S-OIL');
INSERT INTO ALI_INFO VALUES('M031','미스터피자');
INSERT INTO ALI_INFO VALUES('M032','피자헛');
INSERT INTO ALI_INFO VALUES('M033','옥션');
INSERT INTO ALI_INFO VALUES('M034','G마켓');
INSERT INTO ALI_INFO VALUES('M035','11번가');
INSERT INTO ALI_INFO VALUES('M036','신라 호텔');
INSERT INTO ALI_INFO VALUES('M037','롯데 호텔');
INSERT INTO ALI_INFO VALUES('M038','무신사');
INSERT INTO ALI_INFO VALUES('M039','파고다 어학원');
INSERT INTO ALI_INFO VALUES('M040','종로어학원');
INSERT INTO ALI_INFO VALUES('M041','넷플릭스');
INSERT INTO ALI_INFO VALUES('M042','왓차');
INSERT INTO ALI_INFO VALUES('M043','쿠팡');
INSERT INTO ALI_INFO VALUES('M044','티몬');
INSERT INTO ALI_INFO VALUES('M045','위메프');
INSERT INTO ALI_INFO VALUES('M046','후불교통카드');
INSERT INTO ALI_INFO VALUES('M047','종합 병원');
INSERT INTO ALI_INFO VALUES('M048','약국');
INSERT INTO ALI_INFO VALUES('M049','CJ ONE');
INSERT INTO ALI_INFO VALUES('M050','넥슨캐시');
INSERT INTO ALI_INFO VALUES('M051','배달의 민족');
INSERT INTO ALI_INFO VALUES('M052','요기요');
INSERT INTO ALI_INFO VALUES('M053','L 페이');
INSERT INTO ALI_INFO VALUES('M054','카카오 페이');
INSERT INTO ALI_INFO VALUES('M055','동물병원');
INSERT INTO ALI_INFO VALUES('M056','택시');
INSERT INTO ALI_INFO VALUES('M057','아시아나');
INSERT INTO ALI_INFO VALUES('M058','대한항공');
INSERT INTO ALI_INFO VALUES('M059','신라 면세점');
INSERT INTO ALI_INFO VALUES('M060','어린이집');
INSERT INTO ALI_INFO VALUES('M061','아파트 관리비');
INSERT INTO ALI_INFO VALUES('M062','실내 골프');
INSERT INTO ALI_INFO VALUES('M063','디지털구독');
INSERT INTO ALI_INFO VALUES('M064','맘스터치');
INSERT INTO ALI_INFO VALUES('M065','일반병원');
INSERT INTO ALI_INFO VALUES('M066','치과병원');
INSERT INTO ALI_INFO VALUES('M067','한의원');
INSERT INTO ALI_INFO VALUES('M068','롯데 면세점');
INSERT INTO ALI_INFO VALUES('M069','헬스 레저');
INSERT INTO ALI_INFO VALUES('M070','실외 골프');
INSERT INTO ALI_INFO VALUES('M071','스키');
INSERT INTO ALI_INFO VALUES('M072','롯데 마트');

------------------------

INSERT INTO ALI_INFO VALUES('M073','한화손해보험');
INSERT INTO ALI_INFO VALUES('M074','하나손해보험');
INSERT INTO ALI_INFO VALUES('M075','GS주유');
INSERT INTO ALI_INFO VALUES('M076','현대오일뱅크');
INSERT INTO ALI_INFO VALUES('M077','SK주유');

INSERT INTO ALI_INFO VALUES('M078','LPG주유');
--------------------------------------------------------

INSERT INTO ALI_INFO VALUES('M000','가맹점아님');

INSERT INTO INDU_TYPE VALUES('ss095','전자상거래','전자상거래','디지털구독료');
INSERT INTO INDU_TYPE VALUES('ss096','전자상거래','전자상거래','배달앱');


--제거 하자 한식 일식 양식 중식을 분류하면 안됨! 
SELECT * FROM INDU_TYPE ORDER BY INDU_CODE;


DELETE FROM INDU_TYPE WHERE INDU_CODE = 'ss001';
DELETE FROM INDU_TYPE WHERE INDU_CODE = 'ss002';
DELETE FROM INDU_TYPE WHERE INDU_CODE = 'ss003';
DELETE FROM INDU_TYPE WHERE INDU_CODE = 'ss004';


UPDATE INDU_TYPE SET SMALL_CATE = '주거비' WHERE INDU_CODE='ss044';


INSERT INTO INDU_TYPE VALUES('ss001','요식/유흥','요식','한식/중식/일식/양식');

--병원도 제거하자! 
DELETE FROM INDU_TYPE WHERE INDU_CODE = 'ss054';
DELETE FROM INDU_TYPE WHERE INDU_CODE = 'ss055';
DELETE FROM INDU_TYPE WHERE INDU_CODE = 'ss056';
DELETE FROM INDU_TYPE WHERE INDU_CODE = 'ss057';
DELETE FROM INDU_TYPE WHERE INDU_CODE = 'ss094';

SELECT * FROM INDU_TYPE;

INSERT INTO INDU_TYPE VALUES('ss054','의료','병원','종합병원/치과/한의원/동물병원');

--주유소도 제거하자 

DELETE FROM INDU_TYPE WHERE INDU_CODE = 'ss066';
DELETE FROM INDU_TYPE WHERE INDU_CODE = 'ss067';



SELECT * FROM INDU_TYPE ORDER BY INDU_CODE;

--골프장,스키 제거하자 
DELETE FROM INDU_TYPE WHERE INDU_CODE = 'ss081';
DELETE FROM INDU_TYPE WHERE INDU_CODE = 'ss083';

--헬스도 제거 
DELETE FROM INDU_TYPE WHERE INDU_CODE = 'ss082';
DELETE FROM INDU_TYPE WHERE INDU_CODE = 'ss084';

INSERT INTO INDU_TYPE VALUES('ss081','스포츠/레저','레저','실내골프/실외골프');
INSERT INTO INDU_TYPE VALUES('ss082','스포츠/레저','스포츠','스키/헬스 등 기타스포츠');


DELETE FROM INDU_TYPE WHERE INDU_CODE = 'ss005';
DELETE FROM INDU_TYPE WHERE INDU_CODE = 'ss006';
DELETE FROM INDU_TYPE WHERE INDU_CODE = 'ss007';

INSERT INTO INDU_TYPE VALUES('ss005','요식/유흥','요식','제과점/커피전문점');
INSERT INTO INDU_TYPE VALUES('ss006','요식/유흥','요식','패스트푸드');

UPDATE INDU_TYPE SET SMALL_CATE = '대형 마트' WHERE INDU_CODE='ss013';

UPDATE INDU_TYPE SET SMALL_CATE = '스키/헬스' WHERE INDU_CODE ='ss082';



--COMMIT;

--B는 혜택 정보 D는 적립 P는 포인트 SE는 카드 세분화 정보

SELECT * FROM CARD_BENE;
SELECT * FROM INDU_TYPE;

--신용카드 리스트------------------

--펫 사랑 카드 


--통신
INSERT INTO CARD_BENE VALUES('TC009','CR00001','S',10000,0,0.07);
INSERT INTO CARD_BENE VALUES('TC010','CR00001','S',10000,0,0.07);
INSERT INTO CARD_BENE VALUES('TC011','CR00001','S',10000,0,0.07);

--교통
INSERT INTO CARD_BENE VALUES('TC046','CR00001','S',10000,0,0.07);

--쇼핑몰 옥션 G마켓 11번가 등등 
INSERT INTO CARD_BENE VALUES('TC043','CR00001','S',10000,0,0.10);
INSERT INTO CARD_BENE VALUES('TC044','CR00001','S',10000,0,0.10);
INSERT INTO CARD_BENE VALUES('TC045','CR00001','S',10000,0,0.10);

--온라인 거래 쿠팡 티몬 위메프 등등
INSERT INTO CARD_BENE VALUES('TC033','CR00001','S',10000,0,0.10);
INSERT INTO CARD_BENE VALUES('TC034','CR00001','S',10000,0,0.10);
INSERT INTO CARD_BENE VALUES('TC035','CR00001','S',10000,0,0.10);

--커피숍
INSERT INTO CARD_BENE VALUES('TC006','CR00001','S',10000,0,0.10);
INSERT INTO CARD_BENE VALUES('TC007','CR00001','S',10000,0,0.10);
INSERT INTO CARD_BENE VALUES('TC008','CR00001','S',10000,0,0.10);

--동물병원 

INSERT INTO CARD_BENE VALUES('TC055','CR00001','S',10000,0,0.10); 


--------------------------------------------------------------------
--통커 카드

--통신
INSERT INTO CARD_BENE VALUES('TC009','CR00002','D',10000,0,0.10);
INSERT INTO CARD_BENE VALUES('TC010','CR00002','D',10000,0,0.10);
INSERT INTO CARD_BENE VALUES('TC011','CR00002','D',10000,0,0.10);

--커피숍
INSERT INTO CARD_BENE VALUES('TC006','CR00002','D',20000,0,0.30);


--쇼핑몰 옥션 G마켓 11번가 등등 
INSERT INTO CARD_BENE VALUES('TC043','CR00002','D',5000,0,0.05);
INSERT INTO CARD_BENE VALUES('TC044','CR00002','D',5000,0,0.05);
INSERT INTO CARD_BENE VALUES('TC045','CR00002','D',5000,0,0.05);

--온라인 거래 쿠팡 티몬 위메프 등등
INSERT INTO CARD_BENE VALUES('TC033','CR00002','D',5000,0,0.05);
INSERT INTO CARD_BENE VALUES('TC034','CR00002','D',5000,0,0.05);
INSERT INTO CARD_BENE VALUES('TC035','CR00002','D',5000,0,0.05);

--모두의 건강
SELECT * FROM CARD_BENE;
DELETE FROM CARD_BENE WHERE CARD_CATE_NUM = 'CR00003'; 

--식사 한식 양식 중식 
INSERT INTO CARD_BENE VALUES('TC018','CR00003','S',10000,0,0.05);
INSERT INTO CARD_BENE VALUES('TC019','CR00003','S',10000,0,0.05);

--이마트 홈플러스 롯데마트 
INSERT INTO CARD_BENE VALUES('TC016','CR00003','S',10000,0,0.05);
INSERT INTO CARD_BENE VALUES('TC017','CR00003','S',10000,0,0.05);
INSERT INTO CARD_BENE VALUES('TC072','CR00003','S',10000,0,0.05);

--커피 적립
INSERT INTO CARD_BENE VALUES('TC006','CR00003','S',5000,0,0.05);

--골프 레저

INSERT INTO CARD_BENE VALUES('TC062','CR00003','S',5000,0,0.05);
INSERT INTO CARD_BENE VALUES('TC070','CR00003','S',5000,0,0.05);

--병원 업종
INSERT INTO CARD_BENE VALUES('TC065','CR00003','S',20000,0,0.08);
INSERT INTO CARD_BENE VALUES('TC066','CR00003','S',20000,0,0.08);
INSERT INTO CARD_BENE VALUES('TC067','CR00003','S',20000,0,0.08);
INSERT INTO CARD_BENE VALUES('TC055','CR00003','S',20000,0,0.08);
INSERT INTO CARD_BENE VALUES('TC047','CR00003','S',20000,0,0.08);

---------------------------------------------------------------------
--모두의 쇼핑 

--온라인쇼핑
INSERT INTO CARD_BENE VALUES('TC043','CR00004','S',10000,0,0.10);
INSERT INTO CARD_BENE VALUES('TC044','CR00004','S',10000,0,0.10);
INSERT INTO CARD_BENE VALUES('TC045','CR00004','S',10000,0,0.10);
INSERT INTO CARD_BENE VALUES('TC033','CR00004','S',10000,0,0.10);
INSERT INTO CARD_BENE VALUES('TC034','CR00004','S',10000,0,0.10);


--생활 쇼핑 적립
INSERT INTO CARD_BENE VALUES('TC012','CR00004','S',10000,300000,0.05);
INSERT INTO CARD_BENE VALUES('TC014','CR00004','S',10000,300000,0.05);
INSERT INTO CARD_BENE VALUES('TC015','CR00004','S',10000,300000,0.05);

INSERT INTO CARD_BENE VALUES('TC016','CR00004','S',10000,300000,0.05);
INSERT INTO CARD_BENE VALUES('TC017','CR00004','S',10000,300000,0.05);
INSERT INTO CARD_BENE VALUES('TC072','CR00004','S',10000,300000,0.05);

-------------------------------------------------------------------------
--1Q MY LUCNH 카드 

--일반 국내 음식점 
INSERT INTO CARD_BENE VALUES('TC018','CR00005','S',10000,300000,0.10);
INSERT INTO CARD_BENE VALUES('TC019','CR00005','S',10000,300000,0.10);

--통신
INSERT INTO CARD_BENE VALUES('TC009','CR00005','S',10000,300000,0.07);
INSERT INTO CARD_BENE VALUES('TC010','CR00005','S',10000,300000,0.07);
INSERT INTO CARD_BENE VALUES('TC011','CR00005','S',10000,300000,0.07);

--골프장 
INSERT INTO CARD_BENE VALUES('TC062','CR00005','S',20000,300000,0.07);
INSERT INTO CARD_BENE VALUES('TC069','CR00005','S',10000,300000,0.07);
INSERT INTO CARD_BENE VALUES('TC071','CR00005','S',10000,300000,0.07);

--대중 교통 
INSERT INTO CARD_BENE VALUES('TC046','CR00005','S',10000,300000,0.07);

--영화 

INSERT INTO CARD_BENE VALUES('TC024','CR00005','S',5000,300000,0.07);
INSERT INTO CARD_BENE VALUES('TC025','CR00005','S',5000,300000,0.07);
INSERT INTO CARD_BENE VALUES('TC026','CR00005','S',5000,300000,0.07);

--주유

INSERT INTO CARD_BENE VALUES('TC170','CR00005','S',20000,600000,0.07);

--------------------------------------------------------------------------
--내맘대로 쁨카드

--페이 결제 
INSERT INTO CARD_BENE VALUES('TC053','CR00006','S',1000000,600000,0.01);
INSERT INTO CARD_BENE VALUES('TC054','CR00006','S',1000000,600000,0.01);

--백화점
INSERT INTO CARD_BENE VALUES('TC012','CR00006','S',20000,500000,0.05);

--대형마트
INSERT INTO CARD_BENE VALUES('TC072','CR00006','S',20000,500000,0.05);
INSERT INTO CARD_BENE VALUES('TC016','CR00006','S',20000,500000,0.05);
INSERT INTO CARD_BENE VALUES('TC017','CR00006','S',20000,500000,0.05);
--무신사
INSERT INTO CARD_BENE VALUES('TC038','CR00006','S',20000,500000,0.05);

--주유소 
INSERT INTO CARD_BENE VALUES('TC168','CR00006','S',20000,500000,0.05);
INSERT INTO CARD_BENE VALUES('TC169','CR00006','S',20000,500000,0.05);
INSERT INTO CARD_BENE VALUES('TC170','CR00006','S',20000,500000,0.05);

--알뜰교통 MY PASS 마패 

--대중교통 
INSERT INTO CARD_BENE VALUES('TC046','CR00007','S',15000,0,0.05);


--편의점
INSERT INTO CARD_BENE VALUES('TC004','CR00007','S',10000,0,0.10);
INSERT INTO CARD_BENE VALUES('TC005','CR00007','S',10000,0,0.10);

--카페 
INSERT INTO CARD_BENE VALUES('TC006','CR00007','S',5000,0,0.10);
INSERT INTO CARD_BENE VALUES('TC007','CR00007','S',5000,0,0.10);

--ㅡmulti any 카드 
INSERT INTO CARD_BENE VALUES('TC053','CR00008','S',5000,0,0.01);
INSERT INTO CARD_BENE VALUES('TC054','CR00008','S',5000,0,0.01);

INSERT INTO CARD_BENE VALUES('TC063','CR00008','S',5000,0,0.30);

INSERT INTO CARD_BENE VALUES('TC041','CR00008','S',5000,0,0.30);
INSERT INTO CARD_BENE VALUES('TC042','CR00008','S',5000,0,0.30);


--CLUB SK 카드 

INSERT INTO CARD_BENE VALUES('TC170','CR00009','S',15000,0,0.07);

INSERT INTO CARD_BENE VALUES('TC016','CR00009','S',10000,0,0.05);
INSERT INTO CARD_BENE VALUES('TC072','CR00009','S',10000,0,0.05);
INSERT INTO CARD_BENE VALUES('TC046','CR00009','S',10000,0,0.05);
INSERT INTO CARD_BENE VALUES('TC010','CR00009','S',10000,0,0.05);
INSERT INTO CARD_BENE VALUES('TC018','CR00009','S',10000,0,0.05);
INSERT INTO CARD_BENE VALUES('TC019','CR00009','S',10000,0,0.05);

--마이패스 마패카드 

INSERT INTO CARD_BENE VALUES('TC046','CR00010','S',15000,0,0.20);
INSERT INTO CARD_BENE VALUES('TC004','CR00010','S',10000,0,0.10);
INSERT INTO CARD_BENE VALUES('TC005','CR00010','S',10000,0,0.10);
INSERT INTO CARD_BENE VALUES('TC006','CR00010','S',10000,0,0.10);

commit;

--my trip skypass 카드  MY FLIGHT
INSERT INTO CARD_BENE VALUES('TC036','CR00011','S',30000,0,0.01);
INSERT INTO CARD_BENE VALUES('TC037','CR00011','S',30000,0,0.01);
INSERT INTO CARD_BENE VALUES('TC057','CR00011','S',30000,0,0.01);
INSERT INTO CARD_BENE VALUES('TC058','CR00011','S',30000,0,0.01);
INSERT INTO CARD_BENE VALUES('TC059','CR00011','S',30000,0,0.01);

INSERT INTO CARD_BENE VALUES('TC068','CR00011','S',30000,0,0.01);

INSERT INTO CARD_BENE VALUES('TC018','CR00011','S',30000,0,0.01);
INSERT INTO CARD_BENE VALUES('TC019','CR00011','S',30000,0,0.01);

COMMIT;

--tag1 오렌지 카드 
INSERT INTO CARD_BENE VALUES('TC006','CR00012','S',10000,0,0.05);
INSERT INTO CARD_BENE VALUES('TC007','CR00012','S',10000,0,0.05);

INSERT INTO CARD_BENE VALUES('TC004','CR00012','S',10000,0,0.05);
INSERT INTO CARD_BENE VALUES('TC005','CR00012','S',10000,0,0.05);

INSERT INTO CARD_BENE VALUES('TC009','CR00012','S',15000,0,0.05);
INSERT INTO CARD_BENE VALUES('TC010','CR00012','S',15000,0,0.05);
INSERT INTO CARD_BENE VALUES('TC011','CR00012','S',15000,0,0.05);

INSERT INTO CARD_BENE VALUES('TC024','CR00012','S',10000,0,0.05);
INSERT INTO CARD_BENE VALUES('TC025','CR00012','S',10000,0,0.05);
INSERT INTO CARD_BENE VALUES('TC026','CR00012','S',10000,0,0.05);

INSERT INTO CARD_BENE VALUES('TC030','CR00012','S',10000,0,0.01);
INSERT INTO CARD_BENE VALUES('TC168','CR00012','S',10000,0,0.01);
INSERT INTO CARD_BENE VALUES('TC170','CR00012','S',10000,0,0.01);
INSERT INTO CARD_BENE VALUES('TC171','CR00012','S',10000,0,0.01);

commit;

--tag1 navy 카드 
INSERT INTO CARD_BENE VALUES('TC061','CR00013','S',10000,0,0.05);

INSERT INTO CARD_BENE VALUES('TC016','CR00013','S',10000,0,0.05);
INSERT INTO CARD_BENE VALUES('TC017','CR00013','S',10000,0,0.05);
INSERT INTO CARD_BENE VALUES('TC072','CR00013','S',10000,0,0.05);


INSERT INTO CARD_BENE VALUES('TC039','CR00013','S',10000,0,0.05);
INSERT INTO CARD_BENE VALUES('TC040','CR00013','S',10000,0,0.05);

INSERT INTO CARD_BENE VALUES('TC009','CR00013','S',10000,0,0.05);
INSERT INTO CARD_BENE VALUES('TC010','CR00013','S',10000,0,0.05);
INSERT INTO CARD_BENE VALUES('TC011','CR00013','S',10000,0,0.05);

INSERT INTO CARD_BENE VALUES('TC024','CR00013','S',4000,0,0.05);
INSERT INTO CARD_BENE VALUES('TC025','CR00013','S',4000,0,0.05);
INSERT INTO CARD_BENE VALUES('TC026','CR00013','S',4000,0,0.05);

INSERT INTO CARD_BENE VALUES('TC168','CR00013','S',10000,0,0.05);
INSERT INTO CARD_BENE VALUES('TC169','CR00013','S',10000,0,0.05);
INSERT INTO CARD_BENE VALUES('TC170','CR00013','S',10000,0,0.05);
INSERT INTO CARD_BENE VALUES('TC171','CR00013','S',10000,0,0.05);

commit;
--국민 행복 카드 

INSERT INTO CARD_BENE VALUES('TC006','CR00014','S',10000,0,0.10);
INSERT INTO CARD_BENE VALUES('TC060','CR00014','S',10000,0,0.10);

INSERT INTO CARD_BENE VALUES('TC065','CR00014','S',10000,0,0.05);
INSERT INTO CARD_BENE VALUES('TC066','CR00014','S',10000,0,0.05);
INSERT INTO CARD_BENE VALUES('TC067','CR00014','S',10000,0,0.05);

INSERT INTO CARD_BENE VALUES('TC048','CR00014','S',10000,0,0.05);

COMMIT;



--로마드 하나 카드 
INSERT INTO CARD_BENE VALUES('TC006','CR00015','S',5000,0,0.05);

INSERT INTO CARD_BENE VALUES('TC033','CR00015','S',5000,0,0.03);
INSERT INTO CARD_BENE VALUES('TC034','CR00015','S',5000,0,0.03);
INSERT INTO CARD_BENE VALUES('TC035','CR00015','S',5000,0,0.03);

INSERT INTO CARD_BENE VALUES('TC041','CR00015','S',13000,0,0.03);
INSERT INTO CARD_BENE VALUES('TC042','CR00015','S',13000,0,0.03);
INSERT INTO CARD_BENE VALUES('TC063','CR00015','S',13000,0,0.03);

COMMIT;

SELECT * FROM CARD_INFO;

--COMMIT;
----------------------------------------------------------------
--체크카드 리스트 

--CJ ONE 카드 

--택시, 대중교통 이런것들 

INSERT INTO CARD_BENE VALUES('TC050','CH00001','S',8000,10000,0.05);

INSERT INTO CARD_BENE VALUES('TC046','CH00001','S',10000,30000,0.05);
INSERT INTO CARD_BENE VALUES('TC056','CH00001','S',10000,10000,0.05);
INSERT INTO CARD_BENE VALUES('TC049','CH00001','S',10000,10000,0.08);

COMMIT;

--옥션 G마켓 11번가
INSERT INTO CARD_BENE VALUES('TC033','CH00001','S',10000,30000,0.05);
INSERT INTO CARD_BENE VALUES('TC034','CH00001','S',10000,30000,0.05);
INSERT INTO CARD_BENE VALUES('TC035','CH00001','S',10000,30000,0.05);

--스타벅스 편의점 등등 
INSERT INTO CARD_BENE VALUES('TC006','CH00001','S',10000,10000,0.05);
INSERT INTO CARD_BENE VALUES('TC004','CH00001','S',10000,10000,0.05);
INSERT INTO CARD_BENE VALUES('TC005','CH00001','S',10000,10000,0.05);
INSERT INTO CARD_BENE VALUES('TC028','CH00001','S',10000,10000,0.05);


--해피포인트 하나 체크카드

INSERT INTO CARD_BENE VALUES('TC006','CH00002','S',10000,10000,0.20);

INSERT INTO CARD_BENE VALUES('TC004','CH00002','S',10000,10000,0.10);
INSERT INTO CARD_BENE VALUES('TC046','CH00002','S',10000,50000,0.05);

INSERT INTO CARD_BENE VALUES('TC018','CH00002','S',10000,30000,0.05);
INSERT INTO CARD_BENE VALUES('TC019','CH00002','S',10000,30000,0.05);

INSERT INTO CARD_BENE VALUES('TC024','CH00002','S',5000,10000,0.10);
INSERT INTO CARD_BENE VALUES('TC025','CH00002','S',5000,10000,0.10);
INSERT INTO CARD_BENE VALUES('TC026','CH00002','S',5000,10000,0.10);

INSERT INTO CARD_BENE VALUES('TC033','CH00002','S',3000,10000,0.05);
INSERT INTO CARD_BENE VALUES('TC034','CH00002','S',3000,10000,0.05);
INSERT INTO CARD_BENE VALUES('TC035','CH00002','S',3000,10000,0.05);

INSERT INTO CARD_BENE VALUES('TC039','CH00002','S',10000,30000,0.05);
INSERT INTO CARD_BENE VALUES('TC040','CH00002','S',10000,30000,0.05);

INSERT INTO CARD_BENE VALUES('TC009','CH00002','S',5000,50000,0.03);
INSERT INTO CARD_BENE VALUES('TC010','CH00002','S',5000,50000,0.03);
INSERT INTO CARD_BENE VALUES('TC011','CH00002','S',5000,50000,0.03);


--L페이 체크카드 
INSERT INTO CARD_BENE VALUES('TC046','CH00003','S',30000,50000,0.02);

INSERT INTO CARD_BENE VALUES('TC072','CH00003','S',20000,50000,0.005);

INSERT INTO CARD_BENE VALUES('TC053','CH00003','S',30000,50000,0.02);

INSERT INTO CARD_BENE VALUES('TC068','CH00003','S',30000,50000,0.02);


--모두의 일상 체크카드 
DELETE FROM CARD_BENE WHERE CARD_CATE_NUM = 'CH00004';

INSERT INTO CARD_BENE VALUES('TC004','CH00004','S',5000,10000,0.05);
INSERT INTO CARD_BENE VALUES('TC005','CH00004','S',5000,10000,0.05);
INSERT INTO CARD_BENE VALUES('TC049','CH00004','S',5000,10000,0.05);

INSERT INTO CARD_BENE VALUES('TC006','CH00004','S',5000,10000,0.05);

INSERT INTO CARD_BENE VALUES('TC007','CH00004','S',10000,50000,0.05);
INSERT INTO CARD_BENE VALUES('TC008','CH00004','S',10000,50000,0.05);

INSERT INTO CARD_BENE VALUES('TC048','CH00004','S',10000,50000,0.05);

INSERT INTO CARD_BENE VALUES('TC016','CH00004','S',10000,50000,0.05);
INSERT INTO CARD_BENE VALUES('TC017','CH00004','S',10000,50000,0.05);

INSERT INTO CARD_BENE VALUES('TC009','CH00004','S',5000,10000,0.10);
INSERT INTO CARD_BENE VALUES('TC010','CH00004','S',5000,10000,0.10);
INSERT INTO CARD_BENE VALUES('TC011','CH00004','S',5000,10000,0.10);

--신세계 하나 체크카드 


INSERT INTO CARD_BENE VALUES('TC046','CH00005','S',5000,0,0.07);

INSERT INTO CARD_BENE VALUES('TC012','CH00005','S',30000,0,0.05);


INSERT INTO CARD_BENE VALUES('TC009','CH00005','S',8000,10000,0.20);
INSERT INTO CARD_BENE VALUES('TC010','CH00005','S',8000,10000,0.20);
INSERT INTO CARD_BENE VALUES('TC011','CH00005','S',8000,10000,0.20);

SELECT * FROM CARD_BENE;

--THE K AUTO 카드 

INSERT INTO CARD_BENE VALUES('TC039','CH00006','S',5000,0,0.10);

INSERT INTO CARD_BENE VALUES('TC040','CH00006','S',5000,0,0.10);

INSERT INTO CARD_BENE VALUES('TC026','CH00006','S',4000,0,0.15);

INSERT INTO CARD_BENE VALUES('TC049','CH00006','S',5000,0,0.10);
INSERT INTO CARD_BENE VALUES('TC018','CH00006','S',5000,0,0.10);

INSERT INTO CARD_BENE VALUES('TC166','CH00006','S',5000,0,0.03);
INSERT INTO CARD_BENE VALUES('TC167','CH00006','S',5000,0,0.03);

INSERT INTO CARD_BENE VALUES('TC168','CH00006','S',5000,0,0.03);
INSERT INTO CARD_BENE VALUES('TC169','CH00006','S',5000,0,0.03);
INSERT INTO CARD_BENE VALUES('TC170','CH00006','S',5000,0,0.03);

COMMIT;
--10월 14일 지금부터 하는 거다 


--YOUNG HANA+ 체크 카드 

INSERT INTO CARD_BENE VALUES('TC053','CH00008','S',30000,0,0.005);
INSERT INTO CARD_BENE VALUES('TC054','CH00008','S',30000,0,0.005);

INSERT INTO CARD_BENE VALUES('TC004','CH00008','S',4000,0,0.05);
INSERT INTO CARD_BENE VALUES('TC005','CH00008','S',4000,0,0.05);

INSERT INTO CARD_BENE VALUES('TC051','CH00008','S',4000,20000,0.05);
INSERT INTO CARD_BENE VALUES('TC052','CH00008','S',4000,20000,0.05);

INSERT INTO CARD_BENE VALUES('TC046','CH00008','S',4000,30000,0.10);

INSERT INTO CARD_BENE VALUES('TC006','CH00008','S',4000,10000,0.20);

--시코르 체크카드 
INSERT INTO CARD_BENE VALUES('TC006','CH00010','S',4000,10000,0.01);
INSERT INTO CARD_BENE VALUES('TC007','CH00010','S',4000,10000,0.01);
INSERT INTO CARD_BENE VALUES('TC008','CH00010','S',4000,10000,0.01);
INSERT INTO CARD_BENE VALUES('TC050','CH00010','S',4000,10000,0.01);
INSERT INTO CARD_BENE VALUES('TC051','CH00010','S',4000,10000,0.01);

INSERT INTO CARD_BENE VALUES('TC004','CH00010','S',4000,10000,0.01);
INSERT INTO CARD_BENE VALUES('TC005','CH00010','S',4000,10000,0.01);

COMMIT;


--카카오페이 체크카드  

INSERT INTO CARD_BENE VALUES('TC054','CH00011','S',30000,10000,0.07);

INSERT INTO CARD_BENE VALUES('TC009','CH00011','S',7000,10000,0.20);
INSERT INTO CARD_BENE VALUES('TC010','CH00011','S',7000,10000,0.20);
INSERT INTO CARD_BENE VALUES('TC011','CH00011','S',7000,10000,0.20);

INSERT INTO CARD_BENE VALUES('TC006','CH00011','S',10000,10000,0.05);
INSERT INTO CARD_BENE VALUES('TC007','CH00011','S',10000,10000,0.05);

INSERT INTO CARD_BENE VALUES('TC046','CH00011','S',10000,50000,0.05);


--던전앤파이터 체크카드 
INSERT INTO CARD_BENE VALUES('TC050','CH00012','S',30000,50000,0.05);

INSERT INTO CARD_BENE VALUES('TC056','CH00012','S',10000,50000,0.01);
INSERT INTO CARD_BENE VALUES('TC033','CH00012','S',10000,50000,0.01);
INSERT INTO CARD_BENE VALUES('TC034','CH00012','S',10000,50000,0.05);
INSERT INTO CARD_BENE VALUES('TC035','CH00012','S',10000,50000,0.05);

INSERT INTO CARD_BENE VALUES('TC007','CH00012','S',10000,50000,0.05);

COMMIT;
--모두의 건강 체크카드 

SELECT * FROM CARD_BENE 
SELECT * FROM TRAN_VIEW;
DELETE FROM CARD_BENE WHERE CARD_CATE_NUM = 'CH00013' AND BENE_CODE = 'TC065';
DELETE FROM CARD_BENE WHERE CARD_CATE_NUM = 'CH00013' AND BENE_CODE = 'TC066';
DELETE FROM CARD_BENE WHERE CARD_CATE_NUM = 'CH00013' AND BENE_CODE = 'TC067';
DELETE FROM CARD_BENE WHERE CARD_CATE_NUM = 'CH00013' AND BENE_CODE = 'TC047';
DELETE FROM CARD_BENE WHERE CARD_CATE_NUM = 'CH00013' AND BENE_CODE = 'TC055';

COMMIT;
INSERT INTO CARD_BENE VALUES('TC065','CH00013','S',50000,50000,0.12);
INSERT INTO CARD_BENE VALUES('TC066','CH00013','S',50000,50000,0.12);
INSERT INTO CARD_BENE VALUES('TC067','CH00013','S',50000,50000,0.12);
INSERT INTO CARD_BENE VALUES('TC047','CH00013','S',50000,50000,0.12);
INSERT INTO CARD_BENE VALUES('TC055','CH00013','S',50000,50000,0.12);

INSERT INTO CARD_BENE VALUES('TC016','CH00013','S',50000,50000,0.008);
INSERT INTO CARD_BENE VALUES('TC017','CH00013','S',50000,50000,0.008);
INSERT INTO CARD_BENE VALUES('TC072','CH00013','S',50000,50000,0.008);

--전 가맹점에서의 혜택이 있음. 
INSERT INTO CARD_BENE VALUES('TC006','CH00013','S',50000,50000,0.005);
INSERT INTO CARD_BENE VALUES('TC007','CH00013','S',50000,50000,0.005);
INSERT INTO CARD_BENE VALUES('TC008','CH00013','S',50000,50000,0.005);

INSERT INTO CARD_BENE VALUES('TC018','CH00013','S',50000,50000,0.005);
INSERT INTO CARD_BENE VALUES('TC019','CH00013','S',50000,50000,0.005);

INSERT INTO CARD_BENE VALUES('TC169','CH00013','S',50000,50000,0.005);
INSERT INTO CARD_BENE VALUES('TC170','CH00013','S',50000,50000,0.005);
INSERT INTO CARD_BENE VALUES('TC171','CH00013','S',50000,50000,0.005);

INSERT INTO CARD_BENE VALUES('TC049','CH00013','S',50000,50000,0.005);
INSERT INTO CARD_BENE VALUES('TC028','CH00013','S',50000,50000,0.005);

INSERT INTO CARD_BENE VALUES('TC004','CH00013','S',50000,50000,0.005);
INSERT INTO CARD_BENE VALUES('TC005','CH00013','S',50000,50000,0.005);



--VIVA X 체크카드 
INSERT INTO CARD_BENE VALUES('TC057','CH00014','S',20000,50000,0.008);
INSERT INTO CARD_BENE VALUES('TC058','CH00014','S',20000,50000,0.008);
INSERT INTO CARD_BENE VALUES('TC059','CH00014','S',20000,50000,0.008);

INSERT INTO CARD_BENE VALUES('TC068','CH00014','S',20000,50000,0.008);

INSERT INTO CARD_BENE VALUES('TC012','CH00014','S',20000,50000,0.008);
INSERT INTO CARD_BENE VALUES('TC015','CH00014','S',20000,50000,0.008);



COMMIT;
--10월 14일자로 지금 입력중 





--여기부터 낼부터 시작! 

SELECT * FROM TRAN_VIEW;
SELECT * FROM CARD_INFO;

--멀티카드 INSERT 하자~! 

--Any 모바일 카드 

INSERT INTO CARD_BENE VALUES('TC012','MU00001','S',50000,0,0.02);
INSERT INTO CARD_BENE VALUES('TC014','MU00001','S',50000,0,0.02);
INSERT INTO CARD_BENE VALUES('TC015','MU00001','S',50000,0,0.02);
INSERT INTO CARD_BENE VALUES('TC016','MU00001','S',50000,0,0.02);
INSERT INTO CARD_BENE VALUES('TC072','MU00001','S',50000,0,0.02);

INSERT INTO CARD_BENE VALUES('TC051','MU00001','S',50000,0,0.03);
INSERT INTO CARD_BENE VALUES('TC052','MU00001','S',50000,0,0.03);

INSERT INTO CARD_BENE VALUES('TC046','MU00001','S',50000,0,0.04);

--MULTI YOUNG 모바일 카드 


INSERT INTO CARD_BENE VALUES('TC004','MU00002','S',10000,0,0.10);
INSERT INTO CARD_BENE VALUES('TC005','MU00002','S',10000,0,0.10);
INSERT INTO CARD_BENE VALUES('TC016','MU00002','S',10000,0,0.10);

INSERT INTO CARD_BENE VALUES('TC051','MU00002','S',10000,0,0.10);
INSERT INTO CARD_BENE VALUES('TC052','MU00002','S',10000,0,0.10);

INSERT INTO CARD_BENE VALUES('TC009','MU00002','S',10000,0,0.10);
INSERT INTO CARD_BENE VALUES('TC010','MU00002','S',10000,0,0.10);
INSERT INTO CARD_BENE VALUES('TC011','MU00002','S',10000,0,0.10);

INSERT INTO CARD_BENE VALUES('TC043','MU00002','S',10000,0,0.30);
INSERT INTO CARD_BENE VALUES('TC041','MU00002','S',10000,0,0.30);

--MULTI ON 모바일 카드

INSERT INTO CARD_BENE VALUES('TC033','MU00003','S',50000,0,0.02);
INSERT INTO CARD_BENE VALUES('TC034','MU00003','S',50000,0,0.02);
INSERT INTO CARD_BENE VALUES('TC035','MU00003','S',50000,0,0.02);
INSERT INTO CARD_BENE VALUES('TC045','MU00003','S',50000,0,0.02);

INSERT INTO CARD_BENE VALUES('TC051','MU00003','S',50000,0,0.03);
INSERT INTO CARD_BENE VALUES('TC052','MU00003','S',50000,0,0.03);

INSERT INTO CARD_BENE VALUES('TC043','MU00003','S',50000,0,0.04);
INSERT INTO CARD_BENE VALUES('TC041','MU00003','S',50000,0,0.02);

--MULTI LIVING 모바일 카드

INSERT INTO CARD_BENE VALUES('TC033','MU00004','S',15000,0,0.10);
INSERT INTO CARD_BENE VALUES('TC034','MU00004','S',15000,0,0.10);
INSERT INTO CARD_BENE VALUES('TC035','MU00004','S',15000,0,0.10);
INSERT INTO CARD_BENE VALUES('TC045','MU00004','S',15000,0,0.10);

INSERT INTO CARD_BENE VALUES('TC015','MU00004','S',15000,0,0.10);
INSERT INTO CARD_BENE VALUES('TC016','MU00004','S',15000,0,0.10);
INSERT INTO CARD_BENE VALUES('TC072','MU00004','S',15000,0,0.10);

INSERT INTO CARD_BENE VALUES('TC030','MU00004','S',15000,0,0.10);
INSERT INTO CARD_BENE VALUES('TC168','MU00004','S',15000,0,0.10);
INSERT INTO CARD_BENE VALUES('TC169','MU00004','S',15000,0,0.10);

INSERT INTO CARD_BENE VALUES('TC012','MU00004','S',15000,0,0.10);
INSERT INTO CARD_BENE VALUES('TC014','MU00004','S',15000,0,0.10);
INSERT INTO CARD_BENE VALUES('TC015','MU00004','S',15000,0,0.10);

INSERT INTO CARD_BENE VALUES('TC009','MU00004','S',5000,0,0.05);
INSERT INTO CARD_BENE VALUES('TC010','MU00004','S',5000,0,0.05);
INSERT INTO CARD_BENE VALUES('TC011','MU00004','S',5000,0,0.05);

INSERT INTO CARD_BENE VALUES('TC061','MU00004','S',5000,0,0.05);

--MULTI OIL

INSERT INTO CARD_BENE VALUES('TC168','MU00005','S',30000,0,0.10);
INSERT INTO CARD_BENE VALUES('TC169','MU00005','S',30000,0,0.10);
INSERT INTO CARD_BENE VALUES('TC170','MU00005','S',30000,0,0.10);
INSERT INTO CARD_BENE VALUES('TC030','MU00005','S',30000,0,0.10);

INSERT INTO CARD_BENE VALUES('TC006','MU00005','S',30000,0,0.10);

--MULTI ANY 체크카드 
INSERT INTO CARD_BENE VALUES('TC016','MU00006','S',50000,0,0.02);
INSERT INTO CARD_BENE VALUES('TC017','MU00006','S',50000,0,0.02);
INSERT INTO CARD_BENE VALUES('TC004','MU00006','S',50000,0,0.02);


INSERT INTO CARD_BENE VALUES('TC012','MU00006','S',50000,0,0.02);
INSERT INTO CARD_BENE VALUES('TC014','MU00006','S',50000,0,0.02);
INSERT INTO CARD_BENE VALUES('TC015','MU00006','S',50000,0,0.02);

INSERT INTO CARD_BENE VALUES('TC051','MU00006','S',50000,0,0.03);
INSERT INTO CARD_BENE VALUES('TC052','MU00006','S',50000,0,0.03);

INSERT INTO CARD_BENE VALUES('TC046','MU00006','S',50000,0,0.04);






--commit;






SELECT * FROM TRAN_CATE ORDER BY TRAN_CATE_NUM;

--DELETE FROM TRAN_CATE;

INSERT INTO TRAN_CATE VALUES('TC001','M001','ss006');
INSERT INTO TRAN_CATE VALUES('TC002','M002','ss006');
INSERT INTO TRAN_CATE VALUES('TC003','M003','ss006');
INSERT INTO TRAN_CATE VALUES('TC004','M004','ss016');
INSERT INTO TRAN_CATE VALUES('TC005','M005','ss016');
INSERT INTO TRAN_CATE VALUES('TC006','M006','ss005');
INSERT INTO TRAN_CATE VALUES('TC007','M007','ss005');
INSERT INTO TRAN_CATE VALUES('TC008','M008','ss005');
INSERT INTO TRAN_CATE VALUES('TC009','M009','ss048');
INSERT INTO TRAN_CATE VALUES('TC010','M010','ss048');
INSERT INTO TRAN_CATE VALUES('TC011','M011','ss048');
INSERT INTO TRAN_CATE VALUES('TC012','M012','ss012');
INSERT INTO TRAN_CATE VALUES('TC013','M013','ss012');
INSERT INTO TRAN_CATE VALUES('TC014','M014','ss012');
INSERT INTO TRAN_CATE VALUES('TC015','M015','ss012');
INSERT INTO TRAN_CATE VALUES('TC016','M016','ss013');
INSERT INTO TRAN_CATE VALUES('TC017','M017','ss013');
INSERT INTO TRAN_CATE VALUES('TC018','M018','ss001');
INSERT INTO TRAN_CATE VALUES('TC019','M019','ss001');
INSERT INTO TRAN_CATE VALUES('TC020','M020','ss027');
INSERT INTO TRAN_CATE VALUES('TC021','M021','ss027');
INSERT INTO TRAN_CATE VALUES('TC022','M022','ss027');
INSERT INTO TRAN_CATE VALUES('TC023','M023','ss027');
INSERT INTO TRAN_CATE VALUES('TC024','M024','ss028');
INSERT INTO TRAN_CATE VALUES('TC025','M025','ss028');
INSERT INTO TRAN_CATE VALUES('TC026','M026','ss028');
INSERT INTO TRAN_CATE VALUES('TC027','M027','ss043');

INSERT INTO TRAN_CATE VALUES('TC028','M028','ss015');
INSERT INTO TRAN_CATE VALUES('TC029','M029','ss068');
INSERT INTO TRAN_CATE VALUES('TC030','M030','ss066');
INSERT INTO TRAN_CATE VALUES('TC031','M031','ss006');
INSERT INTO TRAN_CATE VALUES('TC032','M032','ss006');
INSERT INTO TRAN_CATE VALUES('TC033','M033','ss068');
INSERT INTO TRAN_CATE VALUES('TC034','M034','ss068');
INSERT INTO TRAN_CATE VALUES('TC035','M035','ss068');
INSERT INTO TRAN_CATE VALUES('TC036','M036','ss035');
INSERT INTO TRAN_CATE VALUES('TC037','M037','ss035');
INSERT INTO TRAN_CATE VALUES('TC038','M038','ss068');
INSERT INTO TRAN_CATE VALUES('TC039','M039','ss091');
INSERT INTO TRAN_CATE VALUES('TC040','M040','ss091');
INSERT INTO TRAN_CATE VALUES('TC041','M041','ss095');
INSERT INTO TRAN_CATE VALUES('TC042','M042','ss095');
INSERT INTO TRAN_CATE VALUES('TC043','M043','ss068');
INSERT INTO TRAN_CATE VALUES('TC044','M044','ss068');
INSERT INTO TRAN_CATE VALUES('TC045','M045','ss068');
INSERT INTO TRAN_CATE VALUES('TC046','M046','ss040');
INSERT INTO TRAN_CATE VALUES('TC047','M047','ss054');
INSERT INTO TRAN_CATE VALUES('TC048','M048','ss058');
INSERT INTO TRAN_CATE VALUES('TC049','M049','ss005');
INSERT INTO TRAN_CATE VALUES('TC050','M050','ss030');
INSERT INTO TRAN_CATE VALUES('TC051','M051','ss096');
INSERT INTO TRAN_CATE VALUES('TC052','M052','ss096');
INSERT INTO TRAN_CATE VALUES('TC053','M053','ss069');
INSERT INTO TRAN_CATE VALUES('TC054','M054','ss069');
INSERT INTO TRAN_CATE VALUES('TC055','M055','ss054');
INSERT INTO TRAN_CATE VALUES('TC056','M056','ss040');
INSERT INTO TRAN_CATE VALUES('TC057','M057','ss038');
INSERT INTO TRAN_CATE VALUES('TC058','M058','ss038');
INSERT INTO TRAN_CATE VALUES('TC059','M059','ss039');
INSERT INTO TRAN_CATE VALUES('TC060','M060','ss052');
INSERT INTO TRAN_CATE VALUES('TC061','M061','ss044');
INSERT INTO TRAN_CATE VALUES('TC062','M062','ss081');
INSERT INTO TRAN_CATE VALUES('TC063','M063','ss095');
INSERT INTO TRAN_CATE VALUES('TC064','M064','ss006');
INSERT INTO TRAN_CATE VALUES('TC065','M065','ss054');
INSERT INTO TRAN_CATE VALUES('TC066','M066','ss054');
INSERT INTO TRAN_CATE VALUES('TC067','M067','ss054');
INSERT INTO TRAN_CATE VALUES('TC068','M068','ss039');
INSERT INTO TRAN_CATE VALUES('TC069','M069','ss082');
INSERT INTO TRAN_CATE VALUES('TC070','M070','ss081');
INSERT INTO TRAN_CATE VALUES('TC071','M071','ss082');
INSERT INTO TRAN_CATE VALUES('TC072','M072','ss013');


--
INSERT INTO TRAN_CATE VALUES('TC166','M073','ss049');
INSERT INTO TRAN_CATE VALUES('TC167','M074','ss049');
INSERT INTO TRAN_CATE VALUES('TC168','M075','ss066');
INSERT INTO TRAN_CATE VALUES('TC169','M076','ss066');
INSERT INTO TRAN_CATE VALUES('TC170','M077','ss066');
INSERT INTO TRAN_CATE VALUES('TC171','M078','ss066');


--DELETE FROM TRAN_CATE WHERE TRAN_CATE_NUM = 'TC0171';


COMMIT

SELECT * FROM TRAN_CATE;

-- 반복 
SET SERVEROUTPUT ON 

DECLARE 
    LOOP_INDEX NUMBER(4) := 1;
    MAX_LOOP_INDEX NUMBER(4) := 95;
    TC_INDEX NUMBER(4) :=73;
BEGIN
    FOR LOOP_INDEX IN 1..MAX_LOOP_INDEX
    
    LOOP
        --DBMS_OUTPUT.PUT_LINE('TC'||LPAD(TC_INDEX,3,0)||'ss'||LPAD(LOOP_INDEX,3,0));
        INSERT INTO TRAN_CATE VALUES('TC'||LPAD(TC_INDEX,3,0),'M000','ss'||LPAD(LOOP_INDEX,3,0));
        TC_INDEX := TC_INDEX+1; 
    END LOOP;
END;
/

--제거하자 tran_cate에서 
--97 98 123 143 144 145 146 147 148 149 150 151 152 157 158 159 160 161 
--COMMIT;
-- 제거중

DELETE FROM TRAN_CATE 
WHERE TRAN_CATE_NUM='TC097';
DELETE FROM TRAN_CATE 
WHERE TRAN_CATE_NUM='TC098';
DELETE FROM TRAN_CATE 
WHERE TRAN_CATE_NUM='TC123';
DELETE FROM TRAN_CATE 
WHERE TRAN_CATE_NUM='TC143';
DELETE FROM TRAN_CATE 
WHERE TRAN_CATE_NUM='TC144';
DELETE FROM TRAN_CATE 
WHERE TRAN_CATE_NUM='TC145';
DELETE FROM TRAN_CATE 
WHERE TRAN_CATE_NUM='TC146';
DELETE FROM TRAN_CATE 
WHERE TRAN_CATE_NUM='TC147';
DELETE FROM TRAN_CATE 
WHERE TRAN_CATE_NUM='TC148';
DELETE FROM TRAN_CATE 
WHERE TRAN_CATE_NUM='TC149';
DELETE FROM TRAN_CATE 
WHERE TRAN_CATE_NUM='TC150';
DELETE FROM TRAN_CATE 
WHERE TRAN_CATE_NUM='TC151';
DELETE FROM TRAN_CATE 
WHERE TRAN_CATE_NUM='TC152';
DELETE FROM TRAN_CATE 
WHERE TRAN_CATE_NUM='TC157';
DELETE FROM TRAN_CATE 
WHERE TRAN_CATE_NUM='TC158';
DELETE FROM TRAN_CATE 
WHERE TRAN_CATE_NUM='TC159';
DELETE FROM TRAN_CATE 
WHERE TRAN_CATE_NUM='TC160';
DELETE FROM TRAN_CATE 
WHERE TRAN_CATE_NUM='TC161';

--의미없는 디지털 구독료 
DELETE FROM TRAN_CATE
WHERE TRAN_CATE_NUM = 'TC167';
--의미 없는 헬스, 골프 이런 곳 없애자! 할인혜택도 있으면 있고 없으면 없는 식임 

DELETE FROM TRAN_CATE
WHERE TRAN_CATE_NUM = 'TC153';
DELETE FROM TRAN_CATE
WHERE TRAN_CATE_NUM = 'TC154';
DELETE FROM TRAN_CATE
WHERE TRAN_CATE_NUM = 'TC155';
DELETE FROM TRAN_CATE
WHERE TRAN_CATE_NUM = 'TC156';

--어린이집도 마찬가지임
DELETE FROM TRAN_CATE
WHERE TRAN_CATE_NUM = 'TC124';

--병원도 제거 
127 126 128 129 130 131 166 
DELETE FROM TRAN_CATE
WHERE TRAN_CATE_NUM = 'TC126';
DELETE FROM TRAN_CATE
WHERE TRAN_CATE_NUM = 'TC127';
DELETE FROM TRAN_CATE
WHERE TRAN_CATE_NUM = 'TC128';
DELETE FROM TRAN_CATE
WHERE TRAN_CATE_NUM = 'TC129';
DELETE FROM TRAN_CATE
WHERE TRAN_CATE_NUM = 'TC130';
DELETE FROM TRAN_CATE
WHERE TRAN_CATE_NUM = 'TC131';

DELETE FROM TRAN_CATE
WHERE TRAN_CATE_NUM = 'TC139';



--COMMIT;




--INSERT INTO TRAN_CATE VALUES('TC073', 'M000','ss001')


--COMMIT;
--체크카드 이미지
INSERT INTO CARD_IMG
VALUES('CH00001','images/card/checkCard/check01.png');
INSERT INTO CARD_IMG
VALUES('CH00002','images/card/checkCard/check02.png');
INSERT INTO CARD_IMG
VALUES('CH00003','images/card/checkCard/check03.png');
INSERT INTO CARD_IMG
VALUES('CH00004','images/card/checkCard/check04.png');
INSERT INTO CARD_IMG
VALUES('CH00005','images/card/checkCard/check05.png');
INSERT INTO CARD_IMG
VALUES('CH00006','images/card/checkCard/check06.png');
INSERT INTO CARD_IMG
VALUES('CH00007','images/card/checkCard/check07.png');
INSERT INTO CARD_IMG
VALUES('CH00008','images/card/checkCard/check08.png');
INSERT INTO CARD_IMG
VALUES('CH00009','images/card/checkCard/check09.png');
INSERT INTO CARD_IMG
VALUES('CH00010','images/card/checkCard/check10.png');
INSERT INTO CARD_IMG
VALUES('CH00011','images/card/checkCard/check11.png');
INSERT INTO CARD_IMG
VALUES('CH00012','images/card/checkCard/check12.png');
INSERT INTO CARD_IMG
VALUES('CH00013','images/card/checkCard/check13.png');
INSERT INTO CARD_IMG
VALUES('CH00014','images/card/checkCard/check14.png');

--신용카드 이미지
INSERT INTO CARD_IMG
VALUES('CR00001','images/card/creditCard/credit01.png');
INSERT INTO CARD_IMG
VALUES('CR00002','images/card/creditCard/credit02.png');
INSERT INTO CARD_IMG
VALUES('CR00003','images/card/creditCard/credit03.png');
INSERT INTO CARD_IMG
VALUES('CR00004','images/card/creditCard/credit04.png');
INSERT INTO CARD_IMG
VALUES('CR00005','images/card/creditCard/credit05.png');
INSERT INTO CARD_IMG
VALUES('CR00006','images/card/creditCard/credit06.png');
INSERT INTO CARD_IMG
VALUES('CR00007','images/card/creditCard/credit07.png');
INSERT INTO CARD_IMG
VALUES('CR00008','images/card/creditCard/credit08.png');
INSERT INTO CARD_IMG
VALUES('CR00009','images/card/creditCard/credit09.png');
INSERT INTO CARD_IMG
VALUES('CR00010','images/card/creditCard/credit10.png');
INSERT INTO CARD_IMG
VALUES('CR00011','images/card/creditCard/credit11.png');
INSERT INTO CARD_IMG
VALUES('CR00012','images/card/creditCard/credit12.png');
INSERT INTO CARD_IMG
VALUES('CR00013','images/card/creditCard/credit13.png');
INSERT INTO CARD_IMG
VALUES('CR00014','images/card/creditCard/credit14.png');
INSERT INTO CARD_IMG
VALUES('CR00015','images/card/creditCard/credit15.png');

--멀티카드 이미지
INSERT INTO CARD_IMG
VALUES('MU00001','images/card/multiCard/multi01.png');
INSERT INTO CARD_IMG
VALUES('MU00002','images/card/multiCard/multi02.png');
INSERT INTO CARD_IMG
VALUES('MU00003','images/card/multiCard/multi03.png');
INSERT INTO CARD_IMG
VALUES('MU00004','images/card/multiCard/multi04.png');
INSERT INTO CARD_IMG
VALUES('MU00005','images/card/multiCard/multi05.png');
INSERT INTO CARD_IMG
VALUES('MU00006','images/card/multiCard/multi06.png');

--네트워크 이미지
INSERT INTO NETWORK_IMG
VALUES('A00001','images/card/network/visa.png');
INSERT INTO NETWORK_IMG
VALUES('A00002','images/card/network/unionpay.png');
INSERT INTO NETWORK_IMG
VALUES('A00003','images/card/network/master.png');
INSERT INTO NETWORK_IMG
VALUES('A00004','images/card/network/domestic.png');


COMMIT;


--장바구니 기능 추가하자! 
SELECT * FROM USER_TABLES;

SELECT * FROM CUSTOMER_INFO WHERE NAME='김하나';


SELECT * FROM CUSTOMER_CARD_INFO WHERE MEMBER_NUM=168;

SELECT * FROM CARD_INFO;

UPDATE CUSTOMER_CARD_INFO SET CARD_SEG_NUM = 'SE00026'   WHERE MEMBER_NUM = 168 AND CARD_PWD = '8240'; 

COMMIT;

SELECT * FROM TRAN_INFO WHERE MEMBER_NUM = 168;

SELECT * FROM CUSTOMER_CARD_INFO;



DELETE FROM TRAN_INFO WHERE TRAN_NUM = 60688;

COMMIT;
SELECT * FROM CALENDAR;

SELECT * FROM CARD_INFO;

UPDATE CARD_INFO SET CARD_NAME='K리그 축덕 하나멤버스 카드' WHERE CARD_CATE_NUM = 'CR00013';
UPDATE CARD_COMMENT SET COMMENT_OF_CARD='자주쓰는 곳에서 하나머니 적립!' WHERE CARD_CATE_NUM = 'CR00013' 

COMMIT;
SELECT * FROM CARD_COMMENT;


DELETE FROM CARD_INFO WHERE CARD_CATE_NUM = 'CR00016';
DELETE FROM CARD_BENE WHERE CARD_CATE_NUM = 'CR00016';
DELETE FROM CARD_COMMENT WHERE CARD_CATE_NUM = 'CR00016';
DELETE FROM CARD_IMG WHERE CARD_CATE_NUM ='CR00016';

SELECT * FROM CARD_INFO ORDER BY CARD_CATE_NUM;
SELECT * FROM CARD_BENE WHERE CARD_CATE_NUM = 'CR00016';
SELECT * FROM CARD_COMMENT WHERE CARD_CATE_NUM='CR00016';
SELECT * FROM CARD_IMG;
